meanR,meanG,meanB,stdR,stdG,stdB,skewR,skewG,skewB,kurtR,kurtG,kurtB,kelas
142.58481867858916,96.04904123199205,85.33365126676603,48.95623058096773,56.52252617805331,58.53877458902004,-0.08238357125481283,0.7995596646132052,0.7616728629108118,-0.3910727710018911,0.10843366865365489,0.04332560203280833,manggis_busuk
197.62338979007635,185.4572598600509,174.2041587150127,50.2336244647756,67.37008485896278,74.5771990184016,-0.5634696320555115,-0.5555609416152908,-0.43238584430910093,-0.7244258013643834,-1.2743724899571023,-1.4447220145876312,manggis_busuk
129.1208743169399,109.88550422255341,96.97863884749131,52.54490109731843,58.99137462953523,56.23564607483203,-0.6116741592352116,-0.27437506554942764,-0.06436264857244253,-0.9300041933393906,-1.3942943290954415,-1.4077887978401773,manggis_busuk
143.28761395164486,134.60533095521205,124.32326595323028,46.17000261074816,54.589629500017026,65.61788653264985,-0.8457770158718702,-0.7260462054155059,-0.6245433412778116,-0.4100877370387983,-0.8528123757646879,-1.2212605630666713,manggis_busuk
121.126775,111.19845,97.808275,55.48855335201464,52.72170727127015,50.17168640303388,-0.13112254822265101,-0.1600803882759841,0.01579944748574791,-0.8055319985102329,-0.8603621697246737,-0.8338227340782183,manggis_busuk
164.27461704615263,145.09832946911598,124.52335374432752,81.3490384665312,86.46464705256584,65.87007678744753,-0.7068869551521989,-0.5491133856435689,-0.27739987204324185,-1.1297007013091598,-1.3070121700964346,-1.4614939170676522,manggis_busuk
113.9340046968913,103.06834374875612,95.12134299247701,69.31491269669549,53.597050093823604,54.93781338753539,0.661311619546734,0.7293562265843297,0.8756464307141093,-0.9670796353902733,-0.2905927713151777,0.11000237261476364,manggis_busuk
56.92765567765568,47.387840420449116,45.81235069278547,46.854556666619715,38.48795842079954,36.42773391372938,1.5281034067871038,1.8958060462439807,1.8728266648083305,1.9789968737797814,4.325705286708688,5.0779783854222895,manggis_busuk
202.9962324013484,201.230081300813,187.4441998810232,66.03711862859349,69.11454903057042,83.12550882669596,-0.8863004944164742,-0.8657048290898796,-0.6645279874538713,-0.6554265601695448,-0.8133715452067243,-1.3215579329272853,manggis_busuk
130.81266170441427,123.73987979142618,100.59819687139274,21.73277087967248,23.928025754920952,35.869914665419216,-1.9901714916826874,-1.4237720665699276,-0.30980790893515214,6.9738634069423036,3.4186356166442584,-0.49101772427120816,manggis_busuk
126.33511125263702,116.24155156629384,108.82766787405963,57.30958520385462,58.26569147467427,58.210319739779216,-0.5498972581036877,-0.4489478009022094,-0.27628501783536846,-0.8338813550455599,-0.9835375068921834,-1.127555599765087,manggis_busuk
181.44524937308444,158.6568682084146,148.02730565617165,51.2251961021065,73.21689035442857,79.71856999941268,-1.0010938519637653,-0.5296381384907508,-0.2646488719047137,0.19636957128799892,-1.3642240413556026,-1.6919893333721137,manggis_busuk
95.91558878208932,79.41264190498794,61.21982912068352,64.28373999187589,58.42827085004156,51.83168783435317,0.721128267199351,0.9950630494921359,1.2042856541531732,-0.49432817494170633,0.4896801540528073,1.560356658143645,manggis_busuk
166.03073112740242,147.9377253814147,143.9044779076679,76.75737293770307,92.35314404607267,95.74763247200586,-0.2862399698913214,-0.21710860911039817,-0.14686895535254998,-1.3792862478149017,-1.5762426518786965,-1.6726807182801915,manggis_busuk
56.92765567765568,47.387840420449116,45.81235069278547,46.854556666619715,38.48795842079954,36.42773391372938,1.5281034067871038,1.8958060462439807,1.8728266648083305,1.9789968737797814,4.325705286708688,5.0779783854222895,manggis_busuk
157.47689716663365,143.25106003566475,136.33485238755696,40.32127431905431,61.732341488883925,68.49387011699031,-1.5729545314425737,-1.3311545617747056,-1.1533632170982449,1.1811907366427343,-0.013102847953355479,-0.5124935038815921,manggis_busuk
190.21061099634514,159.61314158588908,140.13411727316065,86.17553265011307,91.51031636630096,98.75275226027905,-1.0335612663426996,-0.35940635546796906,0.00496487070722332,-0.5883239025549374,-1.439836512456993,-1.7264688113227047,manggis_busuk
150.9168701729307,121.81636785990827,109.90460023428038,83.67373400590888,91.07016472990408,94.3668770446291,-0.11326379156055398,0.23793311789819738,0.4887611312232848,-1.4954424089253098,-1.5399939766196102,-1.3760476172472613,manggis_busuk
69.60144640380425,56.87709530414107,47.248404993065186,44.646643854804715,51.42898070074697,44.90937239243524,0.42556888513996477,0.8869419417732917,1.2472342367147906,-0.5395035837220021,-0.3561771818326833,0.6093328366454589,manggis_busuk
136.45241874677566,126.81120282550894,103.76415730782968,43.58108389485546,50.09302798527887,56.73040698273598,0.13902563385564867,0.32345088212921463,0.7749919860494927,-0.7843788532299554,-0.9640355852933387,-0.8785691348838149,manggis_busuk
206.68605410540064,155.14705824147552,146.00726286833824,58.89261733399762,74.64184273203752,73.88012338474846,-1.546683642219807,0.019757964153159387,0.16412312470274246,2.027636979343141,-1.1775072936110715,-1.0995676549368687,manggis_busuk
76.09601743610065,72.74485833168218,113.08559540320982,70.3697918323363,40.58565795789339,65.09606445132367,0.559366221973215,1.1073182290380557,-0.5187770972876798,-1.2754043031463465,1.3847000188290082,-1.2844160297779348,manggis_busuk
152.4365761838716,137.57473746780266,126.83592233009709,42.94984022230063,60.71070946312829,70.17899166607059,-0.3884047019333526,-0.46529592120166996,-0.3367390255131369,-0.7622887339329836,-1.070967590511872,-1.281812617998966,manggis_busuk
108.82463900349096,87.4640391939067,77.65879879403364,80.52044475185747,67.40731303489488,65.6977225338086,0.495534708547588,0.7977464332556913,1.0169236299876685,-1.1760052696567411,-0.3852289988469213,0.022483963475480984,manggis_busuk
164.69205543213795,126.24755104199726,100.84939172749392,72.03411378253868,84.06841010809524,83.16798970571351,-0.6243594020382663,-0.05848926710502492,0.4758852287353967,-0.7164669081238779,-1.4927863752797312,-1.308315547848528,manggis_busuk
197.29110871991074,146.12695281364577,111.015522875817,56.298716826887215,74.32322207455061,82.83364400930162,-1.751860188656783,-0.3640340263683779,0.2975802903536838,2.756720714521756,-1.1343756618713563,-1.4516177176295333,manggis_busuk
206.68605410540064,155.14705824147552,146.00726286833824,58.89261733399762,74.64184273203752,73.88012338474846,-1.546683642219807,0.019757964153159387,0.16412312470274246,2.027636979343141,-1.1775072936110715,-1.0995676549368687,manggis_busuk
190.21061099634514,159.61314158588908,140.13411727316065,86.17553265011307,91.51031636630096,98.75275226027905,-1.0335612663426996,-0.35940635546796906,0.00496487070722332,-0.5883239025549374,-1.439836512456993,-1.7264688113227047,manggis_busuk
178.45458320151852,108.2466782663714,73.27892676368238,61.89495201847101,85.89242751233277,85.95298307420363,-0.7524949829920731,0.49049544500815095,1.2927454996026793,-0.34750654965947847,-1.3294649323188126,-0.071303038206874,manggis_busuk
123.34033105362276,108.14994548518189,92.68123699078204,67.61906928525042,54.83930331860189,53.062236266945604,0.11941562165638202,0.33014498583755747,0.5021203171776857,-1.3069633134257512,-0.5036857430324679,-0.5495562756534174,manggis_busuk
164.61517857142857,126.49001984126984,101.7225992063492,71.79225311210504,83.55453059491218,82.81905533018237,-0.6126636298191261,-0.06432053149621288,0.4686042751343062,-0.7225937507691929,-1.4792588033060368,-1.2981296269498912,manggis_busuk
206.68605410540064,155.14705824147552,146.00726286833824,58.89261733399762,74.64184273203752,73.88012338474846,-1.546683642219807,0.019757964153159387,0.16412312470274246,2.027636979343141,-1.1775072936110715,-1.0995676549368687,manggis_busuk
159.65778037231627,122.5860060028186,84.34840524332644,76.83788257653868,70.88118630296113,55.4288253719771,-0.5708250634648607,0.18500905056363381,0.8378219408790322,-1.0332287582547908,-1.2827894283980361,0.0473512295119729,manggis_busuk
180.8008719851577,159.9412430426716,146.71456400742116,77.07278448377987,83.26169846547258,88.75759978442082,-0.744918953633163,-0.12763575771314006,0.09626675440670092,-0.8063637913749333,-1.5391793486438052,-1.6574612812238685,manggis_busuk
87.50168824978152,74.82082704377532,46.96238182251529,68.34414182609389,56.56170258459632,42.00324177582577,0.6697577700195492,0.584470525495332,1.3350820208848648,-0.5955487680144436,-0.4690160995221557,1.507143422596819,manggis_busuk
69.60144640380425,56.87709530414107,47.248404993065186,44.646643854804715,51.42898070074697,44.90937239243524,0.42556888513996477,0.8869419417732917,1.2472342367147906,-0.5395035837220021,-0.3561771818326833,0.6093328366454589,manggis_busuk
157.47689716663365,143.25106003566475,136.33485238755696,40.32127431905431,61.732341488883925,68.49387011699031,-1.5729545314425737,-1.3311545617747056,-1.1533632170982449,1.1811907366427343,-0.013102847953355479,-0.5124935038815921,manggis_busuk
141.04937462775462,117.75699821322216,96.79954337899544,35.06132980129242,42.267462769090685,39.55286191962988,-1.075585122931508,-0.7573248741022008,-0.5683634926074529,1.0018323504256772,-0.43455343711740024,-0.5345633615405143,manggis_busuk
201.53254672943606,168.5616471008879,128.7498957153924,47.79931854066983,64.54742250520371,89.11875444215357,-1.9021747974887762,-0.5448459322573704,0.09482148794796938,3.3403389621642976,-0.9724786011573747,-1.7382448187869988,manggis_busuk
140.0551803591292,115.47423724773557,92.87446368981408,37.684924279817444,47.78246086565163,47.215144135547206,-0.9206366116279259,-0.40392033339837563,-0.15697914649652644,0.6694889237860568,-0.7377201021207775,-0.6995874504198052,manggis_busuk
143.37748711850972,134.63719778042014,124.62724930638129,46.30090446169277,54.7631395215157,65.47961229332456,-0.8540924469784132,-0.7262105072776217,-0.6285148205986568,-0.3832401170619386,-0.8512288462926749,-1.2124067317884046,manggis_busuk
164.27461704615263,145.09832946911598,124.52335374432752,81.3490384665312,86.46464705256584,65.87007678744753,-0.7068869551521989,-0.5491133856435689,-0.27739987204324185,-1.1297007013091598,-1.3070121700964346,-1.4614939170676522,manggis_busuk
165.23285742613524,146.98566329565736,143.05853658536586,76.7986324976217,92.25823608981574,95.61916757229132,-0.26902712729381073,-0.19904895495708244,-0.12918729451589875,-1.3832761234219737,-1.581115162202348,-1.675656791832689,manggis_busuk
207.25287447309572,155.27211018978448,146.05254200391838,58.919273329074805,74.61925447077746,73.88644700577042,-1.5618358561218828,0.03408677226036514,0.18201385549991617,2.078982216228102,-1.1854268042476006,-1.0957563697372725,manggis_busuk
126.11141131595677,112.86268277177368,99.13535044500954,66.57785935125771,75.92943449174989,84.42186819099916,0.4528525408233042,0.5725799946211904,0.6229057699120951,-1.2544198172319432,-1.3173021603799406,-1.3434870138849717,manggis_busuk
160.68404871469374,136.15054744525548,120.38975721993017,67.87030760089114,78.14631547932696,86.66089627030193,-0.24575136517024065,-0.06157016844475416,0.14377768027332824,-1.4971053275094806,-1.5741731641587564,-1.6807625607573216,manggis_busuk
75.5058054289677,72.39169803843868,112.5869625520111,70.47947000702374,40.64831541767008,65.28364652873451,0.5559108765385565,1.1044884805324116,-0.5300519660798724,-1.2826898844749521,1.3645197806751757,-1.2985771998124072,manggis_busuk
56.75654960981048,47.482959069915594,45.52661649944259,46.71282253899896,38.168712337049875,36.10501397364186,1.5219190784732184,1.9170513074935955,1.8709084091540271,1.952311538317952,4.469854590732903,5.119934208409955,manggis_busuk
180.49030178844967,159.7192392623391,146.38424811506556,74.3646345547632,81.1140757104937,86.59423322598136,-0.7303257809825855,-0.12863275164014473,0.08725276899378327,-0.7918766810499012,-1.5146890139404374,-1.6237938289938199,manggis_busuk
152.46835317460318,134.1369246031746,120.47886904761904,62.53686333880378,63.39297475024178,63.63623080402523,-0.49520708660965024,-0.20263320825557163,-0.08242065680866749,-0.6362473536667901,-0.9328310851092585,-0.8826349107411287,manggis_busuk
134.8027106635354,115.66144568721889,104.81650280619353,55.405172846761424,67.16709890051916,71.80823603962777,-0.06932994519576845,0.18644602287554074,0.40563025559511995,-1.0399510883429248,-1.1986238388305965,-1.1237472072391017,manggis_busuk
178.7495721052422,158.95452374318353,150.7290928631135,49.144006563171935,62.94686669124948,65.93923304501347,-1.17760829887339,-0.7098161336050288,-0.724298626534723,0.20468750617886533,-0.9100900825278995,-0.8883498650892849,manggis_busuk
151.16783507604563,181.0487959442332,187.199144486692,46.47127781447851,68.43372344285872,86.25072227006063,-0.9435579322506132,-0.9622160578231617,-0.8876015280477143,1.2734700247204476,-0.6417218812228827,-0.9495421533501367,manggis_busuk
145.73579986466584,105.4803566453051,70.99564144409506,63.41954308973828,60.26208764835572,51.53410098346327,-0.31581504428739354,0.35806588602666584,0.832734347909595,-0.6523858374687492,-0.6797670360923589,-0.37629255214148216,manggis_busuk
152.6314880952381,181.50311507936507,182.22791666666666,45.734784664860165,68.81682719060792,90.87490103062775,-0.7577024608920765,-0.9074907048007662,-0.8141611708014409,1.4443783030250863,-0.7144474213411067,-1.0616428875872148,manggis_busuk
217.31838065696334,199.50693947347492,187.99663962459238,73.30873213857313,85.82349981525182,97.06938083053872,-2.114032333253828,-1.225526696930939,-0.9381327873196196,3.3021743081342914,-0.005525796531980376,-0.8812793718438168,manggis_busuk
149.20715350223546,124.50567312468952,96.2329657228018,49.25847627407188,62.15228475570432,55.137437766141424,-0.31821824397586745,-0.3065694711532614,0.22395133283582366,-0.8832494499984445,-1.4061840637882688,-1.1558972194422679,manggis_busuk
234.05273720814705,211.3819175360159,197.7176353700944,40.24692785662856,66.9927263655605,83.77925025888905,-2.3588864478775458,-1.222523586282259,-1.0057063688113794,5.602872591678844,0.007351016072939753,-0.6868445115426831,manggis_busuk
228.18531884517768,211.45415609137055,203.42401649746193,50.323163696760986,71.18764052533606,80.7888088247975,-1.8908336351418231,-1.3130499919620557,-1.1335268738511453,2.464119226314504,0.17427518915206397,-0.420138344115232,manggis_busuk
232.86350720317932,219.30843517138598,216.246477893691,45.68472650771832,69.5824469916419,74.60839132030664,-2.1305411504910214,-1.7751095817745024,-1.7231832227035442,3.399405818664289,1.5908903037063586,1.3540617824751955,manggis_busuk
147.12482151356497,196.07198952879583,208.13217912105347,40.42312458896339,69.06054883795113,77.44856963280539,-1.0121620548442758,-1.487467106787314,-1.347398388738211,1.3241486502422415,0.5571506111060089,0.04610659450274923,manggis_busuk
220.12954074074074,204.9858962962963,201.92357530864197,60.92986657968906,79.76551808369086,82.31142108327393,-1.7474538987320691,-1.286984480486168,-1.2011093564019644,2.0107680741884373,0.07731026636758465,-0.17342648207869393,manggis_busuk
222.81120715350224,205.0656135121709,196.66434177844013,52.49742127495339,75.17088058888463,85.3163601702154,-1.5685783467236036,-1.151776633906638,-1.0255328996062234,1.3963296209122333,-0.2509211744256228,-0.6408352224861686,manggis_busuk
233.93949296890474,230.49112695583284,225.648128342246,47.22805699180973,52.654189449322885,60.88661275483752,-2.2024337906803595,-1.9863961107059518,-1.8037788060251463,3.7430759276518195,2.611027329155127,1.7029648616982094,manggis_busuk
154.24173068502967,144.08193687059668,132.93109899295467,51.01411212374458,60.87123133174789,59.15401775060896,-0.46275977817737596,-0.2580679755239898,-0.10227703589947364,-0.3152270362453615,-0.7670294522505792,-1.0298034431992396,manggis_busuk
153.20823485014003,134.82676226984725,121.41400679285756,62.54490763402119,63.43098924859041,63.40215270832629,-0.5081294660576346,-0.22139699056601328,-0.09814823836025528,-0.6277982599620548,-0.9158284208884115,-0.886397026793301,manggis_busuk
188.810989010989,166.608316008316,157.63441243441244,75.13113792808974,92.80491920451794,98.75646790112279,-0.7733121920983971,-0.4564189821252984,-0.3268170253855199,-0.8672803028413791,-1.487889188033151,-1.6685896626560375,manggis_busuk
73.31940387481372,66.49381023348236,46.5655042225534,45.48399322164132,39.77994395197672,37.79971673836792,1.539703301109919,1.9979442923221924,2.4535887243524765,2.3329450833925236,4.899137471367072,7.829565088542012,manggis_busuk
151.7725354355789,123.2220895046982,48.93532011466794,57.78771625787218,60.56547980913864,32.59833728438084,-0.8751127855345728,-0.4749966589039206,0.06624474178707619,-0.5309673230082805,-1.2474306068783336,-1.2705671159210221,manggis_busuk
197.71049603174603,166.7319642857143,156.41160714285715,61.26070862779298,86.19317867275234,94.68479917409823,-1.0280831115241238,-0.3978216330996607,-0.2716520075130816,-0.1418814503337371,-1.5436397291170343,-1.7265271659909232,manggis_busuk
178.7495721052422,158.95452374318353,150.7290928631135,49.144006563171935,62.94686669124948,65.93923304501347,-1.17760829887339,-0.7098161336050288,-0.724298626534723,0.20468750617886533,-0.9100900825278995,-0.8883498650892849,manggis_busuk
220.12954074074074,204.9858962962963,201.92357530864197,60.92986657968906,79.76551808369086,82.31142108327393,-1.7474538987320691,-1.286984480486168,-1.2011093564019644,2.0107680741884373,0.07731026636758465,-0.17342648207869393,manggis_busuk
178.7392936596218,171.48313602415382,166.57885746067058,57.67567647652966,63.27722045134975,62.34271500035866,-1.50250512390588,-1.3109460291981339,-1.2317380006359326,0.8874801783415074,0.15572020291487876,-0.046648424673791045,manggis_busuk
160.07737929387415,131.93497989889744,101.49472594833419,42.79045256431935,45.37484390503525,45.07716808674366,-1.4632160230754445,-1.0290812396242301,0.007220710973352705,1.6099651267672996,0.9712405801474149,0.4991204846535924,manggis_busuk
244.49867300455537,242.45012873836404,243.14573182808476,36.116917055384015,44.55807716369848,42.942668764967706,-4.013408557987027,-3.9717783099075734,-4.03903631395415,16.414626369074593,15.065364049225138,15.63310946117015,manggis_busuk
185.77813492063493,144.1130753968254,127.39496031746032,57.58131364121926,77.30308631892277,80.18292602166156,-0.7993132075794069,-0.19286414231519503,0.06579678363152011,-0.4748461067917251,-1.3345874155959614,-1.4042089412602383,manggis_busuk
144.03044212617982,132.99252856433185,137.05605563835073,49.70457730151779,62.62482001001234,67.29370770888632,-0.7153574999162275,-0.4843306325490846,-0.45067531632397695,-0.5505505768893606,-1.1747289010079347,-1.2538974831116594,manggis_busuk
168.212618209156,144.46682230047878,137.79153642226882,56.40713121606168,76.21182124761957,81.11683093377333,-0.7090733445397717,-0.07481750100612242,0.14693807088813216,-0.607571509763118,-1.6126000170751733,-1.6697693860490515,manggis_busuk
136.45241874677566,126.81120282550894,103.76415730782968,43.58108389485546,50.09302798527887,56.73040698273598,0.13902563385564867,0.32345088212921463,0.7749919860494927,-0.7843788532299554,-0.9640355852933387,-0.8785691348838149,manggis_busuk
134.4305035455342,124.33734363795713,111.51585531033383,61.44913332920824,66.05802533456216,66.39827936815087,-0.7460457291697378,-0.5064703355962695,-0.16427875821747956,-0.7861351766661433,-1.109781452110629,-1.2434936422437,manggis_busuk
141.29453823237338,134.0177557100298,131.80423038728898,54.76447648582893,62.97315235168197,66.68062302922485,-0.20852887601751155,-0.19409672150247564,-0.2122218755073809,-0.31808010633327344,-0.8868300379190841,-1.0320167449700368,manggis_busuk
188.0969032360785,166.37991083867374,159.39177247940134,76.55718003319393,96.5008999598973,101.12629698402729,-0.5083148712209439,-0.3018945231093005,-0.19094627334169167,-1.4086120565288391,-1.7235995334567216,-1.8577814103815327,manggis_busuk
235.68825396825397,232.0546626984127,226.55904761904762,43.454898587352474,49.62440204035126,59.4977974572805,-2.4075694197529893,-2.1396603593119536,-1.9280388438532354,5.07789196964924,3.49007119337929,2.2694736068535537,manggis_busuk
158.03431489429343,149.40253934191702,144.90492370052456,65.71514108246916,73.09594330782906,75.19748995298603,-0.491354049233894,-0.4649231082106437,-0.3534410705640322,-0.6205519053049056,-0.8315328318658826,-1.0361404257679752,manggis_busuk
203.81086934923002,176.56389468455043,164.6743566815698,47.4883045929635,70.43670939739499,80.2143592807399,-1.1703346817904003,-0.5707446709369883,-0.3442951118790284,0.5195878286194708,-1.1069492808262202,-1.4655888491571052,manggis_busuk
157.3547745094137,116.69685149066592,104.01552362377105,47.88920739542357,66.28339614791926,77.66891971227777,-0.2144366344835087,0.19037966837954318,0.34118903787768096,-0.8598464523579818,-1.4002407624580242,-1.4457015407109812,manggis_busuk
235.23780523974295,226.50184873949578,219.44183885318833,45.23307442104139,61.099089971912065,73.35849805682011,-2.427996005871838,-2.054403872605833,-1.9335152669243862,4.692475589703569,2.613244460094843,1.958525365405336,manggis_busuk
135.54536246276066,115.99866931479643,106.31684210526316,66.17172746147745,75.97995514038514,82.59367940234515,-0.19525529210855927,0.03550293718297156,0.12146410179911997,-0.9673648479272159,-1.3501839744209436,-1.4650847635289532,manggis_busuk
178.7392936596218,171.48313602415382,166.57885746067058,57.67567647652966,63.27722045134975,62.34271500035866,-1.50250512390588,-1.3109460291981339,-1.2317380006359326,0.8874801783415074,0.15572020291487876,-0.046648424673791045,manggis_busuk
142.9750992063492,145.79876984126983,128.5102777777778,80.76918118905549,71.73887158925353,82.05045228250793,0.20179919538108648,0.4499594184783453,0.5541589175674938,-1.4598168875545237,-1.071520885619372,-1.229034801427693,manggis_busuk
231.47733618487496,219.13396304877324,212.21505376344086,45.30694863561726,65.36762841718769,76.36714866484475,-1.9960864824956208,-1.600096469741189,-1.4956233368218297,3.135081751299235,1.05358848452775,0.5809303017566161,manggis_busuk
221.8215676148101,207.81203321150485,204.53791911647863,58.819661213966846,77.08280988325905,79.68243142555492,-1.8307932105147453,-1.3768607007639513,-1.2781928613419697,2.391830729600753,0.35454050213069443,0.05284555341436503,manggis_busuk
134.4305035455342,124.33734363795713,111.51585531033383,61.44913332920824,66.05802533456216,66.39827936815087,-0.7460457291697378,-0.5064703355962695,-0.16427875821747956,-0.7861351766661433,-1.109781452110629,-1.2434936422437,manggis_busuk
196.29198473282443,191.168893129771,189.63583412849871,89.7262259829294,95.05188199730875,96.2811883399908,-1.1352668573296572,-1.005594871516733,-0.9642665237642615,-0.3389952255619768,-0.7351697716049492,-0.8351925528224489,manggis_busuk
185.77813492063493,144.1130753968254,127.39496031746032,57.58131364121926,77.30308631892277,80.18292602166156,-0.7993132075794069,-0.19286414231519503,0.06579678363152011,-0.4748461067917251,-1.3345874155959614,-1.4042089412602383,manggis_busuk
57.091882762046694,23.246716343765524,26.192190760059614,38.82388608616814,33.80329021863231,27.16428616293007,1.7841707206100939,2.3358959649552355,2.333083540264492,3.43087894086044,5.2446120844224655,5.837506716132522,manggis_busuk
158.03431489429343,149.40253934191702,144.90492370052456,65.71514108246916,73.09594330782906,75.19748995298603,-0.491354049233894,-0.4649231082106437,-0.3534410705640322,-0.6205519053049056,-0.8315328318658826,-1.0361404257679752,manggis_busuk
141.29453823237338,134.0177557100298,131.80423038728898,54.76447648582893,62.97315235168197,66.68062302922485,-0.20852887601751155,-0.19409672150247564,-0.2122218755073809,-0.31808010633327344,-0.8868300379190841,-1.0320167449700368,manggis_busuk
179.63095569796602,161.50509493292998,154.28740596266368,84.70249743612239,95.7115451787394,99.04239608368547,-0.8338969607049862,-0.37629384718716635,-0.23679981253815802,-0.5791164114954852,-1.4492575945925692,-1.6016179282200418,manggis_busuk
187.285498429361,167.7635293649847,148.5949143107082,59.43802124707109,70.54368586301054,78.9226826719316,-1.0230852789813565,-0.7982022020039518,-0.5433669974513627,-0.15450877998191892,-0.8654720873765807,-1.334035780145614,manggis_busuk
69.6426382199578,83.10675476654858,49.40872905305895,59.06655469426817,61.717819374514406,48.562048122386365,1.0635835546431092,0.7290441974391365,1.470700187856631,0.4203881272229695,-0.3350026461138649,1.8189948229493416,manggis_bagus
110.09881092350396,84.23954861153199,67.11642889177101,78.4303914631,76.10935140786765,73.10200919499984,0.3900021800974153,0.9617370878621503,1.4055750240628673,-1.1477781547925117,-0.3208730174246126,0.7688529046310557,manggis_bagus
165.9093285799168,172.01018023370963,109.62133095662507,72.53697166270737,68.65961272563935,92.40850637488366,-0.3927365139641039,-0.48868602333564576,0.6759730673517892,-0.9313641254139498,-0.7710169021919806,-1.2351040381400222,manggis_bagus
70.60726947322823,58.51777185002793,49.10893950275298,49.18499583217971,58.39154902310377,62.04597444411404,1.6382976698633573,1.8470412076169151,1.998026578985449,1.760206431001257,2.147587464480088,2.796842631561211,manggis_bagus
91.9502292852625,92.26856024667931,66.58442046173307,34.33297390089809,38.41579371393459,41.467243060030924,0.43076918960962357,0.3682599543916085,1.637760591948087,0.215700948277183,-0.06750513723495288,2.8385870016690076,manggis_bagus
206.5269349230005,193.56784898161948,189.1531048186786,41.373672783508816,48.631344641725065,49.3078413200755,-2.5746557185724064,-2.5255474021273967,-2.3991766865025745,5.948856471403557,5.565223826663127,5.06274415899737,manggis_bagus
158.49385253456222,97.4412688172043,76.16689708141321,62.35098464599747,64.54591878702617,68.30478430223363,-0.5244719996534244,0.36444552171345596,0.7674599631602609,-0.7241485011625257,-0.888568657797649,-0.4937742002993679,manggis_bagus
64.93860207777733,75.3937228834136,26.717569557775743,45.404677236498905,47.86330152725729,40.289519398411564,1.7215575372275649,1.4286118515372428,2.644621538879462,3.3906051720932444,2.177151005530246,8.078942431577808,manggis_bagus
107.82537820805916,96.87788004691569,87.14955370455043,62.05057760333334,65.96086590703202,66.92915416606326,-0.11098330142740587,-0.03344261967488904,0.1858827669527253,-0.8457415340297039,-1.1187699214474762,-1.2114651704887236,manggis_bagus
101.5823966696402,106.18051343046882,77.13612845673505,59.64971141194441,62.4153332749765,62.048709472699166,0.4936119481312953,0.3426798369354753,0.7381287223307994,-0.6072853212980536,-0.8761305333840754,-0.40624706398571053,manggis_bagus
115.82794804783401,93.65209471766849,77.48655658509543,65.76990846758716,61.14746701951672,61.75002422703417,-0.28094705554742067,-0.02578308427882863,0.2844530420946426,-1.1806505814171422,-1.2642428696047605,-1.1894724429584556,manggis_bagus
136.83005952380952,116.29642857142858,112.44904761904762,81.15568634291813,84.33991261710419,83.68234357423971,-0.04728000315111141,0.1551463456345134,0.15906787831961625,-1.2961689482086292,-1.3373871402113147,-1.3641115902075118,manggis_bagus
152.60486111111112,111.52017857142857,100.16321428571429,59.23609035860464,61.55533055560163,58.617292094786414,-0.1730274978163466,0.001896163833502959,0.27780271450749694,-0.893844983490534,-0.6783225528525003,-0.5452937641382247,manggis_bagus
75.75025742574257,88.32142574257426,50.38956435643564,64.59530287411832,63.85583431904339,59.349287132842214,1.250766540203236,1.1203542248137164,1.9013827618689627,0.683261871059202,0.3580199059039688,3.0374871765817604,manggis_bagus
114.15938877842137,103.32085242500216,100.17590991614074,55.27101339770286,54.98665754554502,56.542719758743075,0.07551856394351321,0.050110386829416625,0.023775148717072685,-0.5373841471001315,-0.6086781174294393,-0.8484685404342369,manggis_bagus
75.33223815213063,120.84038231780167,72.34583831142972,66.81456408481404,57.189440884128054,63.41969171712492,0.7085969856036045,0.4157237385575864,0.9034666433741588,-0.6528647601914885,-0.5537446739260297,-0.19201759412339037,manggis_bagus
85.8277019969278,72.00944393241167,70.42065130568356,65.58188572940833,61.022775304771464,59.80562328317088,0.6627059149173558,1.019425406334959,1.1368864325173231,-0.5119792846270772,0.3813573461995934,0.824180145568925,manggis_bagus
108.37870695153062,113.24451929209184,81.50829081632654,44.16732127066328,43.89639841379101,45.2138040535123,0.45059903276130897,0.28700401413649723,0.8212149106420424,0.04509616724789556,-0.31852998996708237,0.2023007045081835,manggis_bagus
85.17428971361555,70.51400576119677,68.45836913814442,66.80754531911218,63.27189197690309,62.72640546645305,0.8933182733275712,1.067920479637564,1.0845620428935419,-0.13469016047361482,0.33469431265405314,0.45485820739454574,manggis_bagus
63.45557873820169,109.85756582215599,55.585772478887236,63.42423731282659,49.602596167776056,50.41479470698201,1.2008040111676772,0.46327139797815975,1.6929573550285226,0.44412767579978674,-0.5371210535429749,3.086594072364676,manggis_bagus
110.68892871365989,78.31278375149343,71.81010017461631,71.5950472129979,63.914867667536875,63.28795406501939,0.21611163581834106,0.8655572804800543,1.067831051467134,-1.0242807109300112,-0.060047536207522345,0.36854951357349597,manggis_bagus
81.1399304520616,82.44836562344759,74.02120218579235,53.85112605731163,55.117412151394745,50.99333024332568,1.3319773526735004,1.3016319432981858,1.6249752734915806,1.5179808660124712,1.3046672939620843,2.7886188155911844,manggis_bagus
99.16702380952381,87.83343253968253,83.11043650793651,55.87493048778948,55.883800337859974,58.845236100420415,0.1334136275729366,0.21600315955616944,0.5517889986482056,-0.6249397894130575,-0.6977567770627591,-0.1626910296933386,manggis_bagus
227.17052861685215,216.88127980922098,212.51879968203497,50.49442461902202,67.17767959111144,69.71587212552242,-1.965251858387165,-1.7608044772516287,-1.5144010160837227,2.709580342876002,1.6700199324177634,0.8587807801916822,manggis_bagus
190.71613526570047,177.1084132292828,157.54584912671868,57.93823169944738,59.381239261141715,64.64833439289123,-1.4291831699779032,-1.0703298744901402,-0.7762856861668805,1.17424217594521,0.08391669696033999,-0.48217744467284884,manggis_bagus
172.21331274253583,127.50671180803042,119.88221667854597,73.64370804560039,83.48754663298679,74.075187550811,-0.6902860981897088,-0.16786951522725002,-0.08579521511466173,-0.7445547355568762,-1.4348094192094973,-1.3660118756381088,manggis_bagus
85.00633879781421,72.60059612518629,69.50958768007948,65.3425741882611,61.301572261169056,60.01277933520412,0.6758731906941433,0.9940118783595198,1.0917373327303028,-0.4706549665982829,0.33190286162615656,0.7147320924565332,manggis_bagus
82.05668112884608,115.93072085340127,27.5830513871751,50.318023078079975,47.76600181523571,34.59455340878826,0.9260139252523595,0.3545800527288343,2.2570712321729807,-0.2594436795119486,-0.6140856823558822,6.086175423514481,manggis_bagus
153.7109438312142,140.65917633086488,124.55569372642168,80.41675928778903,84.90529606752223,88.77553266846762,-0.19944920226266905,-0.1225661852794553,0.03663261976946905,-1.6022257909989996,-1.633939599236402,-1.679446047641478,manggis_bagus
91.6228373015873,128.37037698412698,82.2401388888889,56.333109592797776,52.97448644155762,53.17764041828953,0.5838099437276436,-0.20461781327889073,0.257676457216187,-0.331519011253532,-0.5208299399331411,-0.8522763179726707,manggis_bagus
148.26662004662003,134.77420454545455,133.4541724941725,73.52549161513471,74.92896506718712,78.02763655594327,-0.37902230982277035,-0.2706803014302458,-0.11648315877518887,-1.2163475582717458,-1.251378195957072,-1.2930999684665136,manggis_bagus
98.6921545993711,117.50993113879711,37.77417107829479,47.22475338708614,54.36127666598272,47.28704234424132,0.639169214338032,0.5051298312139479,2.211351514274461,0.2155004505737601,-0.3360579202019447,5.34150602043894,manggis_bagus
114.68151018380527,119.62720317933433,121.26336810730254,54.251689440587874,61.57607340415407,74.79061672500384,-0.36946582503944664,-0.43012288483478117,-0.33819455414148597,-1.2691251338468095,-1.4300741854435022,-1.6350923455412396,manggis_bagus
101.39921585797875,105.26955379532698,43.23980018309915,51.42963916151291,50.73393378837008,54.00468519783406,0.9314858341243905,0.8802001582756906,2.149197174784615,1.1160072829288232,1.0479271392998548,4.4271124499614105,manggis_bagus
117.92481851851852,107.66689259259259,90.79494444444444,80.14186714799617,86.55452423404023,91.14729341381224,0.5841713937906451,0.6757566181633015,0.8845396644558556,-1.1190111109988439,-1.1478226758299421,-0.9182426768992138,manggis_bagus
106.11851130241158,121.33414183184556,56.72790711544961,67.88727518418723,57.67287561140452,44.832799631489806,0.7036271281086345,0.12280656369121623,1.5851368312451146,-0.7045143107285767,-0.955124512417659,3.2251931324512126,manggis_bagus
105.52149835845101,98.187611249555,69.43032316759621,77.64405939339831,75.25341656189505,79.55505803517121,0.7458485776161217,0.7939948938890372,1.2279818892395489,-0.873287411506734,-0.5774639339813206,-0.03938816355744512,manggis_bagus
92.06602235214572,96.44738098078989,55.6406554508213,51.04041756829284,51.31421707327434,43.75285392910752,0.8005439294615927,0.7455795263910154,1.9420735799415005,0.2270298182600361,0.2654548785462647,4.491493584318702,manggis_bagus
88.4041011904762,71.42999702380952,53.52191369047619,48.19010203735528,39.81693979729506,35.908279348119024,0.7737286356221345,1.200467487578665,1.7667063663732678,0.3518859681524096,2.6978674926213273,5.752979933917086,manggis_bagus
81.65278828165427,110.60420730008359,38.848246626597145,36.37868387361728,42.56682182820803,32.489597930109085,0.9250355464560923,0.2900037993194964,2.552275429189642,2.106876231412861,0.005383530823121596,10.04244806001767,manggis_bagus
109.65194444444444,91.09372685185186,79.46739583333333,67.83780606272819,64.6526999343087,59.1260911490089,0.19283373536773604,0.5845410818638598,0.9019511438026296,-1.1339412025102935,-0.6549047273719708,0.28617809155941787,manggis_bagus
97.64899992062863,105.46013572505754,76.9469799190412,54.29251915607091,55.68366891701444,58.21674285418546,0.92328087045884,0.7278438105791645,1.1146938879027932,0.38972004971277885,0.03314910562005702,0.7868903267333662,manggis_bagus
145.52403951240018,107.26635140815469,85.79290878520386,39.48615378807259,53.14223673413908,57.123207189824534,-0.3170550476222771,0.426215293488891,1.4982657423622578,1.2336664260394654,0.6180505857135694,2.252087905373184,manggis_bagus
68.94427872568906,77.77025414628326,28.250049715626616,46.053313943642436,49.22004095704379,40.40306899023893,1.5445203494582502,1.2732691723383798,2.479863302719182,2.6806313608491887,1.582331238133241,6.9626022712729085,manggis_bagus
116.04385850694445,108.31495659722222,80.55280815972222,68.59714534781217,59.422481192658616,59.423460541163,0.3079555179851503,0.28339444874473635,1.0366096285285655,-0.8878221532876349,-0.4849991821445232,0.5881222083969484,manggis_bagus
67.57382988833452,83.36505108101687,49.75144531559357,73.90853564971621,74.25233375211974,76.46995713839003,1.3768459318588468,1.0902314399006863,1.6416862919899389,0.6726692314971299,0.10351001936455084,1.2917644864829976,manggis_bagus
191.80243622532626,180.38866155157714,170.12867729031413,76.0255785895446,85.1068942914552,93.20644181994925,-1.0458783987436644,-0.8047511260588777,-0.5857067332471422,-0.44378340739525335,-1.004598005589445,-1.4661152357993887,manggis_bagus
106.78373722974578,130.3182466143977,53.522016314247246,56.17050876146017,54.783339374887255,57.76424342893253,0.5638347414042661,0.2029467995088486,1.5908500763717466,-0.0749515794807829,-0.37164362509258897,2.159387246446677,manggis_bagus
96.87914005082767,86.29197747098014,85.26854179545299,60.12861980247969,56.94389103870072,57.760333763548886,0.4473911906792931,0.8053378991160485,0.8466320632084934,-1.001124501050491,-0.08565588340579655,0.09179150673099823,manggis_bagus
95.19442957676678,144.28074140152643,83.1950837545842,55.35961619678795,55.23565750357953,71.54106956405904,0.2310714874658605,-0.11895140035569446,0.43837626047780004,-1.0706229712240998,-1.0429480221356,-1.150973215186397,manggis_bagus
156.65835046600878,138.36572436951755,127.12997875548245,66.85149166018152,74.3355337234327,77.8408380926004,-0.4387156237345613,-0.11792384400255773,0.03658855868808775,-0.7883560926018376,-1.1547182063809562,-1.1907208973401868,manggis_bagus
104.35720091188423,121.28070175438596,76.43927049261572,50.81445701241257,54.20296896705978,59.87738076792605,0.7474324996099891,0.2774998418111396,0.5833906307208834,-0.1263109517357277,-0.6320904678943622,-0.6615521732651448,manggis_bagus
179.99765176299528,149.3079389312977,136.94595056343147,82.99405799358748,98.3552195655171,104.86741724359284,-0.661877926852645,-0.21971082698960648,-0.02037549362866717,-1.0029479727047153,-1.5516708299957325,-1.731025640526842,manggis_bagus
112.8399801980198,134.61685148514852,82.04916831683168,57.38704063869241,45.19264714122651,40.80867674071416,0.6460218983161463,-0.2604882005951218,0.36933532864840424,-0.320004064838324,-0.01377274012963614,-0.1611401341404135,manggis_bagus
179.16539257843607,170.17393295110688,164.73339703774485,51.621991314055556,58.5991001797962,64.21200658411973,-0.6722971845994616,-0.4559386441004722,-0.35810742061810613,-0.2623266180689283,-0.7482828249956102,-1.005074642180842,manggis_bagus
101.91589380249174,107.19231381602516,87.07718027305656,63.556606545231034,59.986670870086634,66.76007003962532,0.927300305818778,0.9520826148482526,0.9705515056766839,0.04383712366828796,0.15105116919998718,0.15318809627956842,manggis_bagus
149.60176779741997,120.38358018792802,75.99171842650104,72.78377031286,62.18866030711945,55.18148844100211,-0.12187498776609387,0.06852099412269891,0.677914376464705,-1.2640994654027917,-0.9329656882229846,-0.3166144398679136,manggis_bagus
112.86364444444445,132.77066666666667,72.93906172839506,46.319860921687194,48.28546092859029,61.626275461590204,0.9664706336086286,0.045732681962031514,0.5899562400192757,0.5600002175830969,0.09384636352062348,-0.7064458302311198,manggis_bagus
112.86364444444445,132.77066666666667,72.93906172839506,46.319860921687194,48.28546092859029,61.626275461590204,0.9664706336086286,0.045732681962031514,0.5899562400192757,0.5600002175830969,0.09384636352062348,-0.7064458302311198,manggis_bagus
88.30860804825181,56.90959947224578,43.87705965507492,70.77061205508465,55.80978320378252,46.92834728292824,0.3379239922564541,0.8047489372066243,1.2135157570069839,-1.2674192414105432,-0.39616228708593715,1.0236023209044918,manggis_bagus
101.1936569528033,111.03660516312955,78.11423028191321,42.78452654946922,47.05113325670159,40.92760623050719,1.652674216358547,0.9963583666943708,1.9077361569410656,2.4147242203377726,0.8932747066454758,3.425797009764456,manggis_bagus
100.55430216165414,73.75951597744361,53.97892387218045,74.98542601229364,56.282027149249686,57.46972664463323,0.2560044649261826,0.5393496984227115,0.7789483383032356,-1.440563778457909,-0.7894974090123341,-0.4747835987626945,manggis_bagus
163.19282662692498,185.87451564828615,115.27982116244411,61.351363817226805,51.218229524213456,89.9460337797902,-0.2428210100882694,-0.4972936974263684,0.24413914822491536,-0.8099824077240911,-0.5170623874839344,-1.4049329311501102,manggis_bagus
109.65194444444444,91.09372685185186,79.46739583333333,67.83780606272819,64.6526999343087,59.1260911490089,0.19283373536773604,0.5845410818638598,0.9019511438026296,-1.1339412025102935,-0.6549047273719708,0.28617809155941787,manggis_bagus
85.41493850256737,94.08233491223181,56.794132866297815,55.585842911275414,54.41704321090607,60.706209323784186,1.294707542322816,1.209944656938664,1.6112253601821085,1.3066086548092786,1.1825280132348954,2.1423974860823787,manggis_bagus
135.20791985316612,110.58032119914347,97.93687977974916,51.02691337256542,52.108593988621614,46.10269249246383,-0.2666449443499273,0.10246130263557728,0.5044017274254906,-0.5823798130045046,-0.4612202913471779,0.39668798198307353,manggis_bagus
97.59429706905117,119.6893392945852,46.169200198708396,47.238299768225396,40.61376975486972,38.90624962032816,0.48880083154769005,0.2300628291452509,1.2489422568146877,-0.7620326290261499,-0.22458247009328813,0.8489425119992347,manggis_bagus
195.3061507936508,172.1683134920635,169.30573412698413,58.0753824053946,74.09740521942,74.87703569891302,-1.0580724883745787,-0.6580764858275128,-0.6259399949509628,-0.15187207269371106,-1.1053393871202946,-1.1148616011136028,manggis_bagus
57.60346059211049,66.26484244781332,53.8869553139138,60.837461103135524,49.57887583156264,53.48383138435049,1.0993066968727419,1.3670823713255382,1.7299762108650996,-0.005622250994553379,1.6395437400729298,2.880862264437079,manggis_bagus
184.26863456790124,154.59862839506172,141.6543172839506,77.74727297611162,94.70408378092976,100.89324917647242,-0.770060592626651,-0.3274610649093694,-0.09105350866325027,-0.7254159586847027,-1.4416545417274016,-1.6779634838844448,manggis_bagus
134.1239880952381,112.84343253968254,82.71972222222222,68.32848504844617,76.23595805210579,76.41665612453984,-0.22377573492933564,0.1804965431740236,0.8785166904637641,-1.0022521144994008,-1.1830122947023338,-0.43793375946927293,manggis_bagus
128.99009216589863,115.82665745007681,109.95615668202765,65.2739840871462,63.830633340643004,62.79845432637577,-0.18109305189793026,0.22400535409695888,0.33123540349159036,-0.9001856535655111,-0.5947574636624404,-0.3760059167951719,manggis_bagus
94.45027415766052,97.48698744437381,31.576664812460265,63.6103211472552,68.5061005522356,45.077181407709546,0.676708593036639,0.6829205020660502,1.9731414143751371,-0.8327447515138653,-0.8320038282187108,2.927833174623613,manggis_bagus
88.4041011904762,71.42999702380952,53.52191369047619,48.19010203735528,39.81693979729506,35.908279348119024,0.7737286356221345,1.200467487578665,1.7667063663732678,0.3518859681524096,2.6978674926213273,5.752979933917086,manggis_bagus
102.95560329394915,113.96089429924017,79.3431395950193,43.74655605800566,48.24711685152668,42.29253105612568,1.580987285615035,0.9407840853372144,1.902813535731946,2.150271292800345,0.6823385267089526,3.366865977270118,manggis_bagus
102.95560329394915,113.96089429924017,79.3431395950193,43.74655605800566,48.24711685152668,42.29253105612568,1.580987285615035,0.9407840853372144,1.902813535731946,2.150271292800345,0.6823385267089526,3.366865977270118,manggis_bagus
88.30498168498168,56.906540496540494,43.87291005291005,70.74427916233138,55.78574466339278,46.90505809532673,0.3373296532007412,0.8042714998067235,1.213230979071987,-1.2679833094572115,-0.3965820609764794,1.0247414887163258,manggis_bagus
87.36370849367239,89.02995199746103,64.15130717657793,65.76483157874151,66.80717484635167,63.2364613040637,1.0797347314295667,0.4859500579976611,1.3498273523475606,0.046998052231208565,-0.7695869523173089,0.8603702089094778,manggis_bagus
134.9587354541483,113.01062393264228,101.51181540172365,74.08966306661456,79.50326633367102,76.40027093785191,-0.31780242993824837,0.1459992795186095,0.2792435369985751,-1.0897898979177227,-1.4862363208031228,-1.3707752615356206,manggis_bagus
117.95932539682539,109.26277777777777,85.17501984126984,57.718895048126626,57.35266004734369,53.86704663607666,0.3731834083444517,0.7446659389457797,0.6826644642623411,-0.5228765841093628,-0.04140657173382234,0.2361003003517972,manggis_bagus
158.1017283519553,122.66939982929857,120.46791783054003,49.371787507952014,72.14378938723073,70.41577120012045,-0.0629262158317152,-0.045377133391195576,0.07108146786012984,-0.8124101521272538,-1.1242107426686654,-1.1184031120310673,manggis_bagus
170.98674567901236,167.09817283950616,119.07954567901234,64.6716555702691,66.46633991984586,89.84315954444943,0.02381636189939214,-0.006290883770307731,0.4823431166441878,-1.3880742931435308,-1.2445770610545166,-1.3274084961852748,manggis_bagus
143.7480021802021,132.2329545930988,107.14580940002516,65.1511070312914,66.06856847339495,66.65474043142162,-0.030195353407114864,-0.12573844218131008,0.3504104004082349,-1.1968150257697847,-0.9158332034829559,-0.8936366903044632,manggis_bagus
92.54832592592592,88.5791012345679,83.30224197530865,80.67971513940326,64.42430022160949,72.89615605988344,0.763172213620616,0.43961130058986214,0.610330421361602,-0.6651752466587997,-0.9460113695426373,-0.8679555630433424,manggis_bagus
119.70025079543328,95.75599850271384,77.39799363653378,77.30749723355783,71.57518758658632,72.36149067736964,0.17823930288419307,0.7058245758066646,1.059119135656204,-1.5161150655017237,-0.7734696786568356,-0.04784212264055476,manggis_bagus
67.33834078489816,83.03324391455538,50.17726775956284,73.39652564380232,73.81463274723488,75.22447224095886,1.375232752926642,1.085770962438154,1.6357848616720958,0.6769942684245516,0.09890683798110933,1.2907254800214698,manggis_bagus
137.6827,120.1935125,116.28262916666667,80.74551094256985,83.84154418949481,83.00501922527025,-0.10744450066336798,0.18183798110287483,0.28472400705359957,-1.4276838903470566,-1.469105013636911,-1.3041235069416142,manggis_bagus
154.8633756576085,178.45682528380996,109.84415173450417,61.0430421936682,52.16743168827164,86.39136724370404,-0.22341066426938852,-0.3992735850847989,0.27162452328763903,-0.61288400617563,-0.6921674077169424,-1.3418680102318574,manggis_bagus
210.71020155872077,187.3515614082236,168.0915372211771,56.34834915266169,76.46379048558079,90.11111670788534,-1.1059732207862754,-0.8518880057348893,-0.40959807457974096,-0.049569104755499804,-0.6055745625593398,-1.4804026863827846,manggis_bagus
78.11773371555981,89.41095317725753,70.64086637999681,64.32426075467743,60.840867499548885,63.67190610184591,0.9413163491246286,1.0149417663143538,1.0665048478029786,-0.2337124801965511,-0.027030808112175286,0.06070132739141432,manggis_bagus
168.60655733333334,154.296208,151.133888,71.64746895879422,83.28323147441348,85.16828808504248,-0.832387980577836,-0.5612604949945257,-0.4690043660821836,-0.7510485271789085,-1.3344701834704669,-1.443105314747843,manggis_bagus
93.92542473919524,107.8542871336314,60.031952309985094,57.21037968191746,57.4569583803384,58.53112565172766,1.090331457401236,0.9834837095834875,1.5812174861785409,0.6541976909811336,0.30564463722096047,2.0886179392634476,manggis_bagus
206.62389066666665,193.53747466666667,189.29017333333334,40.870611060223276,48.69953618857875,49.56052390868451,-2.5880062626138574,-2.518421339444025,-2.35980863311575,5.990819111642008,5.498113223514061,4.8348902802448,manggis_bagus
97.64899992062863,105.46013572505754,76.9469799190412,54.29251915607091,55.68366891701444,58.21674285418546,0.92328087045884,0.7278438105791645,1.1146938879027932,0.38972004971277885,0.03314910562005702,0.7868903267333662,manggis_bagus
164.568,147.58062048192772,113.40793373493976,71.65764365419984,74.85540378784626,76.12700987321499,-0.2779606149370322,-0.1929337827320129,0.42977387884766965,-1.2492423765779803,-1.306868626980508,-1.2683995685354068,manggis_bagus
117.3947179875015,109.45056322891375,80.07821518130797,52.39339459892718,60.4325198371554,56.82321474394312,0.12711367769852872,0.49428157866768063,0.930667542727312,-0.31547592570638505,-0.5915017995697438,0.9381982202261745,manggis_bagus
133.39016021292142,121.91861931600738,113.24159795428452,56.58877926928056,63.09356360745755,65.1712442778978,-0.736676506542364,-0.5588549651987914,-0.3577336139669996,-0.4075395291151791,-0.8929816136880926,-1.238166779203648,manggis_bagus
112.81914074074074,132.84732839506174,72.7231012345679,46.148847327765694,48.11684317943026,61.80639919453883,0.9774082128292195,0.043137169938673545,0.5811295664806236,0.5830704329603149,0.09352662418190061,-0.7177608654558774,manggis_bagus
197.193119,164.329019,148.894122,59.92626786353242,79.2035591087777,82.97764191545286,-1.181214886484533,-0.6801798703346396,-0.32587852744145174,0.26170745733142375,-0.9619680859110504,-1.34922630444438,manggis_bagus
107.53662698412698,102.0444246031746,54.87075396825397,68.59657518213284,66.66709100063073,67.311963854897,0.5062485961094305,0.6163363682333859,1.4671194111978192,-0.7914000733932278,-0.5721178421212154,1.2835278367316558,manggis_bagus
95.42359177156438,76.32690486799599,64.12218261483049,51.55316990813168,54.235757918402854,45.870652894082596,0.28742024762392476,0.9067259223269347,1.2658996225006842,-0.43703053554843896,0.2153161044319205,2.583323132734007,manggis_bagus
113.77216096803726,103.2186243681089,95.0290172352028,69.3733870670599,53.36963540953128,54.81425425659339,0.6611121959739034,0.7356065857168159,0.8833971015683186,-0.9689220311510423,-0.27640985115999284,0.13737084644674757,manggis_bagus
158.94101802337096,151.28238265002972,147.9023420479303,108.02553131531958,109.92479846546973,110.18609074400133,-0.5519861635992428,-0.36758563439942793,-0.29006517040895696,-1.4616948432452945,-1.652769953790167,-1.7044411753685653,manggis_bagus
162.90442126179832,185.55284649776453,114.71503229011425,61.74406065891801,51.16269301529224,91.36189584004256,-0.24249129962032326,-0.5171651796037546,0.2478636046381685,-0.8062148131339613,-0.4700231231711758,-1.414251542590646,manggis_bagus
119.50434666666666,114.89916266666667,110.656976,75.4280339558166,78.10967743606128,75.21287261191016,0.31858752869056356,0.38003205875338286,0.5052285823325056,-1.0161873803435861,-1.0684367356796478,-0.9284455955362123,manggis_bagus
46.22827982560444,63.46890606420927,28.3046769718589,40.33370842077424,40.44777273148751,29.87203979176086,2.19104881031126,1.6412288772903816,2.9770095488018176,5.063275229927628,2.7091274626569195,10.97995988027142,manggis_bagus
132.21170933333335,98.82807733333334,80.68285066666667,75.20030728987423,69.96485260421849,70.30993299409195,-0.044976948163669615,0.37556651842742655,0.7252683507125464,-1.1688337559827122,-1.0484236677543881,-0.6168016152661724,manggis_bagus
102.02987302471838,107.14590216136608,86.95374756199499,62.99354794552055,59.446873495957334,66.31099758002736,0.9481244401448503,0.976535828343564,0.9864116970852582,0.09562471170944553,0.21944766684978978,0.2113236080026164,manggis_bagus
99.24493333333334,85.64121666666666,73.42661944444444,51.70181865376369,62.14129926642766,53.12639372043345,0.275934286143062,0.7065185276809072,0.5552565412951269,-0.7108853815821634,-0.5564659313492588,-0.6132024445694042,manggis_bagus
73.10442622298292,66.81765712693547,58.22505274051666,65.14955667551303,63.66161297623239,58.11165731306502,0.5345885199995705,0.8652421513124466,0.9188012853790001,-0.6653551174466861,-0.053316774658578314,0.23617547133628447,manggis_bagus
107.71264367816092,96.62759905616298,86.01117886178862,62.774170072624074,66.38435134989088,67.59557330540078,-0.13207158576893147,-0.023561915139206694,0.22905307039734288,-0.851065841325088,-1.1230950408823444,-1.2089760481819618,manggis_bagus
102.95156746031746,119.51386904761905,95.99142857142857,53.008570132231476,52.21775459507145,48.634259492377204,0.7022804639830132,0.3341697107973835,0.8972531810435906,-0.041984293159607944,-0.33279488170059635,0.3004568526258895,manggis_bagus
74.88035807291666,67.54549479166667,66.82128580729167,74.30927016479079,67.03787943530332,64.82099564146532,0.850591108471958,0.9094638196633745,0.8867793058290732,-0.3201906250204578,-0.028062252656813502,0.04575044161758912,manggis_bagus
71.65001984126984,68.98835317460318,37.09565476190476,42.74303844273435,38.18675551668589,13.699381465872003,0.14942278013270302,0.13628226085519018,0.25232349897570905,-1.6214912000040667,-1.6540414820092706,-0.2675644011826339,manggis_bagus
163.52016766467065,136.2979221556886,118.03507185628743,61.38272739140724,59.84126910333814,57.44052396972883,-0.7357408480594826,-0.3098814152969578,-0.05560546345876914,-0.3702417667628364,-0.7162097567155046,-0.6782069322206721,manggis_bagus
92.06602235214572,96.44738098078989,55.6406554508213,51.04041756829284,51.31421707327434,43.75285392910752,0.8005439294615927,0.7455795263910154,1.9420735799415005,0.2270298182600361,0.2654548785462647,4.491493584318702,manggis_bagus
161.684048,102.826272,78.03413866666666,59.43446886277662,62.576928612564686,64.81972380804656,-0.6827112161813563,0.14069634215937235,0.6410887898423691,-0.37560962159605005,-0.9740743128428089,-0.47754065831299775,manggis_bagus
120.58849363197189,126.01209193383106,63.41698140828576,54.44658970919771,53.003319116724136,43.92078326686684,0.44169037591736154,0.4167026775593285,1.4471108277263092,-0.6711726720598001,-0.7195584319502131,3.0486220413836334,manggis_bagus
170.29196026497422,128.5605048502718,131.42973352656682,53.5972164078119,54.75148813258133,61.35296075370139,-0.21047910238405024,0.29382522019688917,0.15199865016567216,-1.009076524469701,-0.41151793710975015,-0.7189909067993541,manggis_bagus
92.89133827160494,98.29825185185186,86.77015308641975,62.050176629799175,60.48727693097305,64.81415079468236,0.4724586035917532,0.272674683097427,0.4387498141092303,-0.6623495119311884,-0.8024750932120757,-0.9670192199137975,manggis_bagus
137.6827,120.1935125,116.28262916666667,80.74551094256985,83.84154418949481,83.00501922527025,-0.10744450066336798,0.18183798110287483,0.28472400705359957,-1.4276838903470566,-1.469105013636911,-1.3041235069416142,manggis_bagus
119.92161760017005,102.06238707620363,78.47850462323308,52.46362144766994,60.641797545969595,55.7094624155675,0.023589604959763564,0.6086974215622352,0.9311901193125036,-0.34558168789222465,-0.456820557756469,0.9755596036948102,manggis_bagus
95.93511111111111,75.97796296296296,64.52693333333333,70.35533797818536,66.58634636152074,63.82500543705422,0.30196098296946505,0.7698620033669391,1.168668329397567,-1.1699650543543239,-0.5766650637628135,0.30212876732600735,manggis_bagus
97.59429706905117,119.6893392945852,46.169200198708396,47.238299768225396,40.61376975486972,38.90624962032816,0.48880083154769005,0.2300628291452509,1.2489422568146877,-0.7620326290261499,-0.22458247009328813,0.8489425119992347,manggis_bagus
177.14641203703704,161.4124459876543,157.7426851851852,73.37506287626374,79.02880728311177,87.6632726716601,-1.0593154986732414,-0.7184235621139468,-0.6026329495245554,-0.4072454051011234,-1.1352795207328528,-1.3826537023106114,manggis_bagus
94.93076131687243,80.91980452674898,66.66131687242799,70.2556079819849,65.58495494852191,52.346710422843266,0.3896755688040793,0.9279299629533961,0.8431667029787929,-1.0389926186210052,-0.23000639194616168,-0.3023631906427333,manggis_bagus
134.9304490072202,99.44152611687726,78.74894940207581,54.752136888772114,54.472302165506335,52.087936026252656,0.00604846795566183,0.47910619953262934,0.8691077286593137,-0.32568775385918114,-0.05289930503612705,0.949840775902524,manggis_bagus
101.53039682539682,126.94190476190477,86.80934523809523,51.290511172637636,47.39946501463355,56.86947583470543,1.0042272200325624,0.8373262500519398,0.8519665553972513,0.6337935458401196,0.6634280281295881,0.2561578547830248,manggis_bagus
103.05743938915694,80.05200583186785,80.58777111421743,64.85451835324628,59.680642308015095,55.92719875950776,0.3913327085200872,0.7274882943565196,0.6965198685933806,-0.76671582152234,-0.2974568350512632,-0.17908082845002404,manggis_bagus
127.05650793650794,134.82551587301586,111.56015873015873,49.888067382597335,49.865725176246286,45.45020945669387,0.482588887040046,0.45757689956037784,0.7941670760650387,-0.45696385769756276,-0.5150091346842709,0.327482429373386,manggis_bagus
194.6397991202346,128.05745307917888,92.78940175953079,61.4162532951657,58.524859091628855,52.784416746930745,-1.0179767446628978,-0.11927737851475571,0.6299125532355431,-0.18851413281317964,-0.8184464404561385,0.055590356862425416,manggis_bagus
118.24392857142857,125.52321428571429,74.58029761904761,72.60420058988657,58.61324320115085,65.07008142562002,0.6194675000057753,0.5004918987670021,0.7676518549534612,-0.9774477398571215,-0.8723413694578515,-0.6592074695922561,manggis_bagus
179.68470737913486,149.39762631770265,137.18175936023263,82.6717739507072,98.1146809288842,104.33355100013765,-0.6521959064506541,-0.21771680882904176,-0.017922481043148683,-1.0144540775447826,-1.5518425601993961,-1.7293455155914454,manggis_bagus
73.24625,79.17382936507937,63.06930555555556,61.92220073827183,58.41481351604009,57.63354383786753,0.9356005161895459,0.8198493883578294,1.103403395129437,-0.08242285414878214,-0.20372674517632294,0.5939072797163134,manggis_bagus
110.10135416666667,84.24410416666667,67.07402916666666,79.00633997660925,76.70499994995427,73.55624253260777,0.3804063662463163,0.9539678300825439,1.400256810796174,-1.172665061343779,-0.3514674538005318,0.7445287289052742,manggis_bagus
53.59390943561035,85.95573025231771,22.88223850078415,44.15308042679391,48.44501999842605,35.98020922500182,1.7710789405765326,1.2365532342579082,3.1569554643784996,3.4989699608075426,1.344075564615423,11.277892653098256,manggis_bagus
133.40893070745045,121.91256728468899,113.25129229323308,56.51948910972223,63.03172344272154,65.13129586356756,-0.7364619429842045,-0.55911520567221,-0.35757072031894305,-0.40668227812735713,-0.89160452027977,-1.2379665047113702,manggis_bagus
129.13390873015874,147.04603174603176,124.10765873015873,31.301531876524297,33.74792504096246,33.99568712250355,0.8093184412948241,0.18746077825602286,0.5274108765882584,1.5577360130609836,0.14611978881692167,0.6164683745845023,manggis_bagus
176.2630036807439,161.0295609744285,148.77878608097637,76.45837329036259,83.95802933164985,89.68238030469583,-0.7345200286237693,-0.43762196145584187,-0.2738526895579376,-0.7641060760017107,-1.2609617211570299,-1.4290354041937725,manggis_bagus
102.56902716049383,106.42378271604939,40.68657777777778,50.459814992509386,48.92871270254406,53.03724960367914,0.8690357804134407,0.8283765700708767,2.1959332945050223,1.1275010501182168,1.2194612806572582,4.658715063682321,manggis_bagus
186.29592209220922,173.72701670167018,165.02367586758675,92.43252498736516,103.289236734586,110.56530630222629,-0.9123617489279184,-0.6774603049835805,-0.5892253616026066,-0.833584577823479,-1.3874241852659581,-1.5364270173594197,manggis_bagus
77.95181706006449,100.11515344505035,68.53570433467341,50.52837729213268,52.95334207370116,53.09957785425825,1.0789722925766105,0.6811948487423908,1.2136024378166992,0.9954905297888175,0.029729287745855704,1.2640647362274935,manggis_bagus
165.34519650655022,144.07393807066296,136.07441445017864,85.94818154232125,102.36447906209442,104.96759325424799,-0.22541906287933394,-0.026986848790048663,0.11072476266892806,-1.5665433709018506,-1.8249509643168578,-1.8568501854112174,manggis_bagus
123.34033105362276,108.14994548518189,92.68123699078204,67.61906928525042,54.83930331860189,53.062236266945604,0.11941562165638202,0.33014498583755747,0.5021203171776857,-1.3069633134257512,-0.5036857430324679,-0.5495562756534174,manggis_bagus
133.88165090909092,101.25241454545454,95.41244121212121,55.64719312403448,53.23988660473576,51.046911960777734,-0.25064263715164287,0.34583203473272756,0.35666339620464504,-0.6378566333477296,-0.3893185519921931,-0.18582084030713952,manggis_bagus
174.80936408383613,95.48946093998094,94.9439703080343,38.02425537658792,75.38231897499107,74.04468442182551,-0.26498054347553957,0.7041751847149904,0.9646069142108243,0.3231750887961997,-0.8122660294974025,-0.42069487133292105,manggis_bagus
125.43783407848981,97.43387978142077,83.38781917536016,69.83825963589003,67.79683528025724,66.03843676463,-0.21459469188462313,0.07181110814051916,0.2570665451919172,-1.0700815643447457,-1.176441441226725,-1.2157600855804984,manggis_bagus
146.6391304347826,128.83204288266825,123.23950764343856,43.20531696233719,52.209462881259,55.52966333073315,-0.5409915997025028,-0.3964524282514886,-0.3127320649150351,-0.204518993085113,-1.0451307415551834,-1.2195257637850911,manggis_bagus
110.72113328581611,78.58313534489587,72.23798210184525,70.67945077647423,63.38445591387932,62.5940084084267,0.25787302512216576,0.8544405933755145,1.029133467848005,-0.9661819444870496,-0.08630593270196263,0.26835572284790565,manggis_bagus
89.15684789540816,123.22191884566327,93.04432397959184,61.56190394003746,61.338887360562765,62.6927902547466,0.7408902025720733,0.21158566846606358,0.7006421363378803,-0.29631015276868755,-0.9944165622620824,-0.5089452725255224,manggis_bagus
131.5152,115.53534814814815,96.77637530864197,74.92814118740372,80.41737555559223,77.3471253786661,6.98549148419591e-05,0.37749184983555606,0.6963270223258495,-1.2268742684517917,-1.2709312865745237,-0.8122033153664545,manggis_bagus
98.7008,119.579375,67.9899,54.168378961899904,57.814127162912136,52.261341333628245,0.4833669241012023,0.3483494667128398,1.0988962705893215,-0.3003107825945759,-0.6692570826983455,1.2000594837696843,manggis_bagus
152.3272619047619,134.4025992063492,120.26081349206349,79.0536983641026,84.27248461911545,82.31132352410944,-0.2942225912384684,-0.14983904494100062,-0.04642882485538708,-1.5489891747184137,-1.7215156456434662,-1.718909212400279,manggis_bagus
126.28935189782906,132.64708920094543,86.33136035910779,62.97233157108893,58.016877549033126,62.07102817965864,0.2763015040842466,0.11889673954045295,0.9726716956918431,-0.7750704046754682,-0.5579081584867875,0.48275095628366893,manggis_bagus
116.2224,101.08736790123457,93.85520987654321,56.66956036156742,60.385178554609375,57.11677458964094,0.30010798875546746,0.6467531194352487,0.7228858246811031,-0.8236680065705877,-0.5178479060595467,-0.08532246577662894,manggis_bagus
128.384075,130.5081,101.273675,73.2160283776331,70.95827671519369,62.419994609054356,0.0012178943206055187,-0.024072267469756076,0.26031171384582985,-1.2485690715187692,-1.412852282585781,-1.03359762431853,manggis_bagus
106.25505952380952,100.25267857142858,92.53083333333333,70.65267581203997,58.30341565084685,52.97750235387434,0.5004252534553923,0.6231173656642779,0.8207342846641932,-1.393786262871248,-1.0535760353400627,-0.7624689802036211,manggis_bagus
135.370775,141.79875,98.703075,58.02129695981791,53.44850323851455,58.41833111741874,0.4063572453846137,0.2965677094899286,0.9656891849086348,-0.9438324441913521,-0.5555545400619657,0.2046339312949903,manggis_bagus
98.9804365079365,87.88117063492064,82.96005952380952,55.82789218519007,55.79919200127089,59.042358785441806,0.13141156358843767,0.2180688693349202,0.552612959884242,-0.624511578434304,-0.7018545201116275,-0.17514183333759314,manggis_bagus
120.38361262588067,133.93814432989691,73.31451259801776,49.81518501676083,45.484887272567484,66.0691356999842,0.723104751863111,0.5092780118518403,0.8043257485424102,-0.03488324924314545,-0.3887393304319322,-0.3495864905889934,manggis_bagus
141.5327266875384,157.70521842174563,133.17892149691312,64.97609866301708,67.24587458274213,78.24269458227278,-0.4104724348700753,-0.7753541066974824,-0.22993027227724624,-0.8616803358845346,-0.6559273341477292,-1.2835480712501257,manggis_bagus
93.63095,119.135875,64.418325,54.24493711027325,64.50575565780449,50.08630231105482,0.41477045481582714,-0.20209727452210202,1.4133835503039485,-0.4956924053964058,-1.194419415938783,1.8193964169781003,manggis_bagus
149.82807771938207,120.34991638795987,75.6577480490524,72.8081726618256,61.92624790152933,55.001803964330946,-0.1147585812788776,0.07697960918899938,0.7014584937628723,-1.269191839799775,-0.9273413820716558,-0.27442677963292983,manggis_bagus
93.84025,101.53825,73.064975,69.75523801075802,72.16831740409015,67.168514225412,0.6667806287924308,0.5915254335700852,0.9091796558488343,-0.7656927427363551,-0.8606164224860131,-0.35822908415081933,manggis_bagus
134.9587354541483,113.01062393264228,101.51181540172365,74.08966306661456,79.50326633367102,76.40027093785191,-0.31780242993824837,0.1459992795186095,0.2792435369985751,-1.0897898979177227,-1.4862363208031228,-1.3707752615356206,manggis_bagus
63.45599649723361,88.80607411535246,44.44962783107113,55.04986218437459,53.766103280068,49.22540188179192,1.3908582712420547,1.1489277375228957,1.8419127521089311,1.845355032337486,0.7969261765553726,3.9030394869422578,manggis_bagus
133.5163560666138,122.12097541633624,113.75985329103885,56.733631005940914,62.77568189412358,64.95889417358063,-0.6995819641383306,-0.5702621405858899,-0.3739520951917318,-0.42193762635794085,-0.8684680183004656,-1.2109007793807036,manggis_bagus
86.79405,123.412625,66.455625,74.45963191285261,56.1399783185688,69.6978032714043,0.6547419341645289,0.06093324430139087,0.9789602087844836,-1.0413783982687748,-0.8744866866961738,-0.4575426787013295,manggis_bagus
101.99581216259129,100.09719355350904,98.4861265481105,53.8749600039282,60.673237299651525,67.99682435868263,-0.4300065513640579,-0.18693296618724684,-0.0303691124080471,-1.2365443213597096,-1.5145425643322692,-1.6530971858525,manggis_bagus
77.95475,84.453125,50.541,49.38267563060451,52.551716934219904,42.61585466701331,0.896551367126893,0.5997959576856101,1.1613774692955283,0.6352231334953182,-0.25421144569117216,0.9782844970982727,manggis_bagus
154.01290373811366,116.99188057094078,108.44118873205885,78.73760309155028,96.70307563206705,99.37445893483638,-0.018401815736364405,0.4359669774336936,0.5287232542655561,-1.4344934787263208,-1.5111653437491062,-1.4527723095881935,manggis_bagus
133.29813333333334,79.95834074074074,40.526617283950614,53.91803880992101,60.03132369854879,42.922840305777264,-0.09228900935917844,0.7183097591103486,1.9962860068376718,-0.5623233037928568,-0.3948753675530918,4.665136643551109,manggis_bagus
83.64586189766517,72.76937903626428,80.92504719324391,69.45994103695476,60.56709932281247,57.731692350041655,0.9841591157760343,1.6333322054738222,1.4553274293410612,0.09307004688062204,2.421493184389715,2.4147085871867127,manggis_bagus
131.87008395061727,117.18925432098766,83.60059259259259,61.240013795894484,50.408682723446546,50.47374498669746,0.311043142275958,0.30020874191149327,0.6246199178312686,-0.8151552580772101,-0.6016921406030518,-0.3624172359083153,manggis_bagus
91.84470938897168,86.66297069051167,82.37392945851963,58.040057668522536,64.06231390225702,59.5917562647163,0.4694972573892483,0.6514667685280063,0.7013301876414822,-0.6619681689519017,-0.5495592257953685,-0.4489380559754603,manggis_bagus
102.02987302471838,107.14590216136608,86.95374756199499,62.99354794552055,59.446873495957334,66.31099758002736,0.9481244401448503,0.976535828343564,0.9864116970852582,0.09562471170944553,0.21944766684978978,0.2113236080026164,manggis_bagus
208.38979847613743,201.16666998229454,195.35701354765553,64.29698081922969,73.13782943180517,78.9211004521714,-1.679048003704939,-1.4390114475146658,-1.242702673866622,1.5311520597615393,0.5105871884147946,-0.15415470861419145,manggis_bagus
126.82887901234568,120.1291061728395,92.0621037037037,82.06971376584413,73.04364116274725,75.03795605760344,0.2899207175483516,0.5837898309445251,0.9681497051021648,-1.352386514959052,-0.9224601563201262,-0.22060714813293858,manggis_bagus
126.82887901234568,120.1291061728395,92.0621037037037,82.06971376584413,73.04364116274725,75.03795605760344,0.2899207175483516,0.5837898309445251,0.9681497051021648,-1.352386514959052,-0.9224601563201262,-0.22060714813293858,manggis_bagus
112.64037530864198,132.76513580246913,72.8614913580247,46.380252220177624,48.26021063118916,61.637637496069225,0.9619170325674012,0.04715682598540874,0.5893128905075493,0.5485085657026474,0.09504562730486787,-0.7094371159862018,manggis_bagus
161.18895181321412,141.02865375062098,127.26609041231993,75.3898131686354,78.56073462591581,82.34817238981171,-0.345240822820282,0.02999905314313544,0.1902580709016661,-1.4034543740319552,-1.5001484770220883,-1.4744867317008634,manggis_bagus
43.88182811723795,62.39817188276205,27.627262791852957,38.28430270642399,39.441214075455584,28.9728118935729,2.2962232570842223,1.6365855051332856,3.0088347408907294,5.790976529507885,2.9398593239033186,11.282912832915903,manggis_bagus
163.3009741912032,147.79545983278808,134.8258742275536,78.17225375734299,85.64190890134667,85.90186646212442,-0.4573587336547174,-0.3273330553329156,-0.17695142317172954,-1.3920586002117996,-1.5827662397601765,-1.6132927633135838,manggis_bagus
105.3536,122.07506172839506,72.61351111111111,66.52275239940909,57.64138478394673,59.96574231200781,0.4197311131747984,-0.1084933291559362,0.7242629923670902,-0.8785422875622504,-0.5603365846829051,-0.4889822525536762,manggis_bagus
210.34183673469389,187.2880859375,167.99406090561226,56.31154208799415,76.17130886338194,89.54155157083136,-1.0712909143316247,-0.850282527232182,-0.4100307252260149,-0.13270763881213377,-0.5911538778516365,-1.4607142937339332,manggis_bagus
89.0965,123.113625,92.734475,60.81242749430415,60.06535785591704,61.38681390554795,0.7207202092594681,0.23912866407245514,0.6966613810299358,-0.3167870580283396,-0.9675735563266872,-0.4866739791135877,manggis_bagus
101.76758348923298,82.3342753652032,79.03441069935916,60.01118390107927,60.314560983130015,59.93495816270324,0.18304448516018973,0.5884625908340521,0.8009774583408543,-0.891739639002965,-0.5800792250759583,-0.2552334727538632,manggis_bagus
107.38358445678033,111.34881046788263,88.90009912767644,69.81252174265303,71.16209270612681,61.408175906714696,0.27714550338169236,0.2535499702149866,0.3951497195428996,-0.9976441961334621,-0.9976167793596975,-0.6648568253334828,manggis_bagus
153.65103174603175,113.1725,113.77349206349206,71.14988878092977,73.53320574355917,72.5807940873147,-0.4064096863511663,0.08947079596323,0.052620549471215576,-1.24078929519117,-1.3950640416596594,-1.3885927667543618,manggis_bagus
114.38013616817965,140.2723960821787,79.84963768115942,51.209747631732625,44.04109092661671,59.5251788788302,0.7318041274688204,0.17005002582286177,0.6161404712265287,-0.3395152998754831,0.32069201671281045,-0.31668681508744,manggis_bagus
144.49279847637186,121.5351743840019,115.88515256120303,63.964964025162146,78.66887562272254,77.40887747763351,-0.5593534450467688,-0.36642915340908017,-0.16515559204484362,-0.4403960451111657,-1.1167943600602248,-1.1078436055059695,manggis_bagus
96.51326419753086,122.1540938271605,63.366834567901236,56.844669158289456,48.48460616875571,44.38789747528414,0.44226548897183066,0.3191554179499257,0.9344282261898889,-0.6286785533408703,-0.44202764568959774,0.5306336593340188,manggis_bagus
203.5039597687495,188.35818088223647,190.15078799398114,59.85298542875882,84.66190652636948,84.80767232109376,-1.0307622019430591,-1.046226812009485,-0.9979943281600987,-0.4368729707057386,-0.6093609309332662,-0.7461090094577987,manggis_bagus
87.02452571019052,89.46965142436247,28.186471044930624,62.30791465345208,66.5529611463075,41.74051014830758,0.8534731740688646,0.8860539698291672,2.187997417622026,-0.5039578263976701,-0.45550674304762406,4.03814410929934,manggis_bagus
177.58666666666667,160.95762962962962,158.25556543209876,73.11965610314354,78.72718978954553,87.59550352002778,-1.0223411463556318,-0.7279785874089407,-0.6057058604629612,-0.46284666294460486,-1.109948796942167,-1.3581185688413204,manggis_bagus
95.0845639453887,87.9500656768698,39.17987501492656,62.93196032331787,54.857432784189236,36.82918587541209,0.47636049304119643,0.6656208726308673,1.329070143621318,-1.0008166252767676,-0.49816029690405683,1.042384027039427,manggis_bagus
216.1109243365107,203.61549262350195,200.47810781948345,50.97051860698258,62.49845167137694,69.86273165912948,-1.5045011933927677,-1.096138332085338,-1.2204150610150228,0.9817772724339444,-0.2883346881610267,-0.029325294844567473,manggis_bagus
59.735723456790126,78.95808395061728,42.797076543209876,52.067090100071425,50.99849797916821,47.827330245028115,1.2514085121769958,1.3951592316452153,1.790970967374926,1.2673534772006372,1.4965542419213111,3.4281159068471547,manggis_bagus
121.36629781475142,116.97928193289017,109.78032082155794,68.94910361735948,76.68434536225466,78.88260879970322,-0.2947570924909024,-0.1288220796097197,0.17781513645048322,-1.186536497506274,-1.4140906200610295,-1.2817934778042523,manggis_bagus
85.66074911435736,89.53050989133463,38.80780559646539,52.61174473274626,56.82001342881364,58.520742368149186,1.0138223355587268,0.9724282137263206,2.149786831272894,1.2723991933552323,0.6034994120951325,4.284787136238275,manggis_bagus
149.20715350223546,124.50567312468952,96.2329657228018,49.25847627407188,62.15228475570432,55.137437766141424,-0.31821824397586745,-0.3065694711532614,0.22395133283582366,-0.8832494499984445,-1.4061840637882688,-1.1558972194422679,manggis_bagus
117.3947179875015,109.45056322891375,80.07821518130797,52.39339459892718,60.4325198371554,56.82321474394312,0.12711367769852872,0.49428157866768063,0.930667542727312,-0.31547592570638505,-0.5915017995697438,0.9381982202261745,manggis_bagus
134.62655007949127,118.95574324324325,90.4460453100159,74.54495396435608,61.174662703767865,63.480133077748775,0.05368554939099169,0.31650397358886423,0.7650392433277585,-1.2754252008040856,-0.6407285937665002,-0.23826449318454612,manggis_bagus
